{
  "kind": "Document",
  "definitions": [
    {
      "kind": "ScalarTypeDefinition",
      "name": {
        "kind": "Name",
        "value": "Reference"
      },
      "description": {
        "kind": "StringValue",
        "value": "References another document, used as a foreign key"
      },
      "directives": []
    },
    {
      "kind": "ScalarTypeDefinition",
      "name": {
        "kind": "Name",
        "value": "JSON"
      },
      "description": {
        "kind": "StringValue",
        "value": ""
      },
      "directives": []
    },
    {
      "kind": "ObjectTypeDefinition",
      "interfaces": [],
      "directives": [],
      "name": {
        "kind": "Name",
        "value": "SystemInfo"
      },
      "fields": [
        {
          "kind": "FieldDefinition",
          "name": {
            "kind": "Name",
            "value": "filename"
          },
          "arguments": [],
          "type": {
            "kind": "NonNullType",
            "type": {
              "kind": "NamedType",
              "name": {
                "kind": "Name",
                "value": "String"
              }
            }
          }
        },
        {
          "kind": "FieldDefinition",
          "name": {
            "kind": "Name",
            "value": "basename"
          },
          "arguments": [],
          "type": {
            "kind": "NonNullType",
            "type": {
              "kind": "NamedType",
              "name": {
                "kind": "Name",
                "value": "String"
              }
            }
          }
        },
        {
          "kind": "FieldDefinition",
          "name": {
            "kind": "Name",
            "value": "breadcrumbs"
          },
          "arguments": [
            {
              "kind": "InputValueDefinition",
              "name": {
                "kind": "Name",
                "value": "excludeExtension"
              },
              "type": {
                "kind": "NamedType",
                "name": {
                  "kind": "Name",
                  "value": "Boolean"
                }
              }
            }
          ],
          "type": {
            "kind": "NonNullType",
            "type": {
              "kind": "ListType",
              "type": {
                "kind": "NonNullType",
                "type": {
                  "kind": "NamedType",
                  "name": {
                    "kind": "Name",
                    "value": "String"
                  }
                }
              }
            }
          }
        },
        {
          "kind": "FieldDefinition",
          "name": {
            "kind": "Name",
            "value": "path"
          },
          "arguments": [],
          "type": {
            "kind": "NonNullType",
            "type": {
              "kind": "NamedType",
              "name": {
                "kind": "Name",
                "value": "String"
              }
            }
          }
        },
        {
          "kind": "FieldDefinition",
          "name": {
            "kind": "Name",
            "value": "relativePath"
          },
          "arguments": [],
          "type": {
            "kind": "NonNullType",
            "type": {
              "kind": "NamedType",
              "name": {
                "kind": "Name",
                "value": "String"
              }
            }
          }
        },
        {
          "kind": "FieldDefinition",
          "name": {
            "kind": "Name",
            "value": "extension"
          },
          "arguments": [],
          "type": {
            "kind": "NonNullType",
            "type": {
              "kind": "NamedType",
              "name": {
                "kind": "Name",
                "value": "String"
              }
            }
          }
        },
        {
          "kind": "FieldDefinition",
          "name": {
            "kind": "Name",
            "value": "template"
          },
          "arguments": [],
          "type": {
            "kind": "NonNullType",
            "type": {
              "kind": "NamedType",
              "name": {
                "kind": "Name",
                "value": "String"
              }
            }
          }
        },
        {
          "kind": "FieldDefinition",
          "name": {
            "kind": "Name",
            "value": "collection"
          },
          "arguments": [],
          "type": {
            "kind": "NonNullType",
            "type": {
              "kind": "NamedType",
              "name": {
                "kind": "Name",
                "value": "Collection"
              }
            }
          }
        }
      ]
    },
    {
      "kind": "ObjectTypeDefinition",
      "interfaces": [],
      "directives": [],
      "name": {
        "kind": "Name",
        "value": "PageInfo"
      },
      "fields": [
        {
          "kind": "FieldDefinition",
          "name": {
            "kind": "Name",
            "value": "hasPreviousPage"
          },
          "arguments": [],
          "type": {
            "kind": "NonNullType",
            "type": {
              "kind": "NamedType",
              "name": {
                "kind": "Name",
                "value": "Boolean"
              }
            }
          }
        },
        {
          "kind": "FieldDefinition",
          "name": {
            "kind": "Name",
            "value": "hasNextPage"
          },
          "arguments": [],
          "type": {
            "kind": "NonNullType",
            "type": {
              "kind": "NamedType",
              "name": {
                "kind": "Name",
                "value": "Boolean"
              }
            }
          }
        },
        {
          "kind": "FieldDefinition",
          "name": {
            "kind": "Name",
            "value": "startCursor"
          },
          "arguments": [],
          "type": {
            "kind": "NonNullType",
            "type": {
              "kind": "NamedType",
              "name": {
                "kind": "Name",
                "value": "String"
              }
            }
          }
        },
        {
          "kind": "FieldDefinition",
          "name": {
            "kind": "Name",
            "value": "endCursor"
          },
          "arguments": [],
          "type": {
            "kind": "NonNullType",
            "type": {
              "kind": "NamedType",
              "name": {
                "kind": "Name",
                "value": "String"
              }
            }
          }
        }
      ]
    },
    {
      "kind": "InterfaceTypeDefinition",
      "description": {
        "kind": "StringValue",
        "value": ""
      },
      "name": {
        "kind": "Name",
        "value": "Node"
      },
      "interfaces": [],
      "directives": [],
      "fields": [
        {
          "kind": "FieldDefinition",
          "name": {
            "kind": "Name",
            "value": "id"
          },
          "arguments": [],
          "type": {
            "kind": "NonNullType",
            "type": {
              "kind": "NamedType",
              "name": {
                "kind": "Name",
                "value": "ID"
              }
            }
          }
        }
      ]
    },
    {
      "kind": "InterfaceTypeDefinition",
      "description": {
        "kind": "StringValue",
        "value": ""
      },
      "name": {
        "kind": "Name",
        "value": "Document"
      },
      "interfaces": [],
      "directives": [],
      "fields": [
        {
          "kind": "FieldDefinition",
          "name": {
            "kind": "Name",
            "value": "sys"
          },
          "arguments": [],
          "type": {
            "kind": "NamedType",
            "name": {
              "kind": "Name",
              "value": "SystemInfo"
            }
          }
        },
        {
          "kind": "FieldDefinition",
          "name": {
            "kind": "Name",
            "value": "id"
          },
          "arguments": [],
          "type": {
            "kind": "NonNullType",
            "type": {
              "kind": "NamedType",
              "name": {
                "kind": "Name",
                "value": "ID"
              }
            }
          }
        },
        {
          "kind": "FieldDefinition",
          "name": {
            "kind": "Name",
            "value": "form"
          },
          "arguments": [],
          "type": {
            "kind": "NonNullType",
            "type": {
              "kind": "NamedType",
              "name": {
                "kind": "Name",
                "value": "JSON"
              }
            }
          }
        },
        {
          "kind": "FieldDefinition",
          "name": {
            "kind": "Name",
            "value": "values"
          },
          "arguments": [],
          "type": {
            "kind": "NonNullType",
            "type": {
              "kind": "NamedType",
              "name": {
                "kind": "Name",
                "value": "JSON"
              }
            }
          }
        }
      ]
    },
    {
      "kind": "InterfaceTypeDefinition",
      "description": {
        "kind": "StringValue",
        "value": "A relay-compliant pagination connection"
      },
      "name": {
        "kind": "Name",
        "value": "Connection"
      },
      "interfaces": [],
      "directives": [],
      "fields": [
        {
          "kind": "FieldDefinition",
          "name": {
            "kind": "Name",
            "value": "totalCount"
          },
          "arguments": [],
          "type": {
            "kind": "NonNullType",
            "type": {
              "kind": "NamedType",
              "name": {
                "kind": "Name",
                "value": "Int"
              }
            }
          }
        }
      ]
    },
    {
      "kind": "ObjectTypeDefinition",
      "interfaces": [],
      "directives": [],
      "name": {
        "kind": "Name",
        "value": "Query"
      },
      "fields": [
        {
          "kind": "FieldDefinition",
          "name": {
            "kind": "Name",
            "value": "getCollection"
          },
          "arguments": [
            {
              "kind": "InputValueDefinition",
              "name": {
                "kind": "Name",
                "value": "collection"
              },
              "type": {
                "kind": "NamedType",
                "name": {
                  "kind": "Name",
                  "value": "String"
                }
              }
            }
          ],
          "type": {
            "kind": "NonNullType",
            "type": {
              "kind": "NamedType",
              "name": {
                "kind": "Name",
                "value": "Collection"
              }
            }
          }
        },
        {
          "kind": "FieldDefinition",
          "name": {
            "kind": "Name",
            "value": "getCollections"
          },
          "arguments": [],
          "type": {
            "kind": "NonNullType",
            "type": {
              "kind": "ListType",
              "type": {
                "kind": "NonNullType",
                "type": {
                  "kind": "NamedType",
                  "name": {
                    "kind": "Name",
                    "value": "Collection"
                  }
                }
              }
            }
          }
        },
        {
          "kind": "FieldDefinition",
          "name": {
            "kind": "Name",
            "value": "node"
          },
          "arguments": [
            {
              "kind": "InputValueDefinition",
              "name": {
                "kind": "Name",
                "value": "id"
              },
              "type": {
                "kind": "NamedType",
                "name": {
                  "kind": "Name",
                  "value": "String"
                }
              }
            }
          ],
          "type": {
            "kind": "NonNullType",
            "type": {
              "kind": "NamedType",
              "name": {
                "kind": "Name",
                "value": "Node"
              }
            }
          }
        },
        {
          "kind": "FieldDefinition",
          "name": {
            "kind": "Name",
            "value": "getDocument"
          },
          "arguments": [
            {
              "kind": "InputValueDefinition",
              "name": {
                "kind": "Name",
                "value": "collection"
              },
              "type": {
                "kind": "NamedType",
                "name": {
                  "kind": "Name",
                  "value": "String"
                }
              }
            },
            {
              "kind": "InputValueDefinition",
              "name": {
                "kind": "Name",
                "value": "relativePath"
              },
              "type": {
                "kind": "NamedType",
                "name": {
                  "kind": "Name",
                  "value": "String"
                }
              }
            }
          ],
          "type": {
            "kind": "NonNullType",
            "type": {
              "kind": "NamedType",
              "name": {
                "kind": "Name",
                "value": "DocumentNode"
              }
            }
          }
        },
        {
          "kind": "FieldDefinition",
          "name": {
            "kind": "Name",
            "value": "getDocumentList"
          },
          "arguments": [
            {
              "kind": "InputValueDefinition",
              "name": {
                "kind": "Name",
                "value": "before"
              },
              "type": {
                "kind": "NamedType",
                "name": {
                  "kind": "Name",
                  "value": "String"
                }
              }
            },
            {
              "kind": "InputValueDefinition",
              "name": {
                "kind": "Name",
                "value": "after"
              },
              "type": {
                "kind": "NamedType",
                "name": {
                  "kind": "Name",
                  "value": "String"
                }
              }
            },
            {
              "kind": "InputValueDefinition",
              "name": {
                "kind": "Name",
                "value": "first"
              },
              "type": {
                "kind": "NamedType",
                "name": {
                  "kind": "Name",
                  "value": "Int"
                }
              }
            },
            {
              "kind": "InputValueDefinition",
              "name": {
                "kind": "Name",
                "value": "last"
              },
              "type": {
                "kind": "NamedType",
                "name": {
                  "kind": "Name",
                  "value": "Int"
                }
              }
            }
          ],
          "type": {
            "kind": "NonNullType",
            "type": {
              "kind": "NamedType",
              "name": {
                "kind": "Name",
                "value": "DocumentConnection"
              }
            }
          }
        },
        {
          "kind": "FieldDefinition",
          "name": {
            "kind": "Name",
            "value": "getDocumentFields"
          },
          "arguments": [],
          "type": {
            "kind": "NonNullType",
            "type": {
              "kind": "NamedType",
              "name": {
                "kind": "Name",
                "value": "JSON"
              }
            }
          }
        },
        {
          "kind": "FieldDefinition",
          "name": {
            "kind": "Name",
            "value": "getPostsDocument"
          },
          "arguments": [
            {
              "kind": "InputValueDefinition",
              "name": {
                "kind": "Name",
                "value": "relativePath"
              },
              "type": {
                "kind": "NamedType",
                "name": {
                  "kind": "Name",
                  "value": "String"
                }
              }
            }
          ],
          "type": {
            "kind": "NonNullType",
            "type": {
              "kind": "NamedType",
              "name": {
                "kind": "Name",
                "value": "PostsDocument"
              }
            }
          }
        },
        {
          "kind": "FieldDefinition",
          "name": {
            "kind": "Name",
            "value": "getPostsList"
          },
          "arguments": [
            {
              "kind": "InputValueDefinition",
              "name": {
                "kind": "Name",
                "value": "before"
              },
              "type": {
                "kind": "NamedType",
                "name": {
                  "kind": "Name",
                  "value": "String"
                }
              }
            },
            {
              "kind": "InputValueDefinition",
              "name": {
                "kind": "Name",
                "value": "after"
              },
              "type": {
                "kind": "NamedType",
                "name": {
                  "kind": "Name",
                  "value": "String"
                }
              }
            },
            {
              "kind": "InputValueDefinition",
              "name": {
                "kind": "Name",
                "value": "first"
              },
              "type": {
                "kind": "NamedType",
                "name": {
                  "kind": "Name",
                  "value": "Int"
                }
              }
            },
            {
              "kind": "InputValueDefinition",
              "name": {
                "kind": "Name",
                "value": "last"
              },
              "type": {
                "kind": "NamedType",
                "name": {
                  "kind": "Name",
                  "value": "Int"
                }
              }
            }
          ],
          "type": {
            "kind": "NonNullType",
            "type": {
              "kind": "NamedType",
              "name": {
                "kind": "Name",
                "value": "PostsConnection"
              }
            }
          }
        }
      ]
    },
    {
      "kind": "ObjectTypeDefinition",
      "interfaces": [],
      "directives": [],
      "name": {
        "kind": "Name",
        "value": "DocumentConnectionEdges"
      },
      "fields": [
        {
          "kind": "FieldDefinition",
          "name": {
            "kind": "Name",
            "value": "cursor"
          },
          "arguments": [],
          "type": {
            "kind": "NamedType",
            "name": {
              "kind": "Name",
              "value": "String"
            }
          }
        },
        {
          "kind": "FieldDefinition",
          "name": {
            "kind": "Name",
            "value": "node"
          },
          "arguments": [],
          "type": {
            "kind": "NamedType",
            "name": {
              "kind": "Name",
              "value": "DocumentNode"
            }
          }
        }
      ]
    },
    {
      "kind": "ObjectTypeDefinition",
      "interfaces": [
        {
          "kind": "NamedType",
          "name": {
            "kind": "Name",
            "value": "Connection"
          }
        }
      ],
      "directives": [],
      "name": {
        "kind": "Name",
        "value": "DocumentConnection"
      },
      "fields": [
        {
          "kind": "FieldDefinition",
          "name": {
            "kind": "Name",
            "value": "pageInfo"
          },
          "arguments": [],
          "type": {
            "kind": "NamedType",
            "name": {
              "kind": "Name",
              "value": "PageInfo"
            }
          }
        },
        {
          "kind": "FieldDefinition",
          "name": {
            "kind": "Name",
            "value": "totalCount"
          },
          "arguments": [],
          "type": {
            "kind": "NonNullType",
            "type": {
              "kind": "NamedType",
              "name": {
                "kind": "Name",
                "value": "Int"
              }
            }
          }
        },
        {
          "kind": "FieldDefinition",
          "name": {
            "kind": "Name",
            "value": "edges"
          },
          "arguments": [],
          "type": {
            "kind": "ListType",
            "type": {
              "kind": "NamedType",
              "name": {
                "kind": "Name",
                "value": "DocumentConnectionEdges"
              }
            }
          }
        }
      ]
    },
    {
      "kind": "ObjectTypeDefinition",
      "interfaces": [],
      "directives": [],
      "name": {
        "kind": "Name",
        "value": "Collection"
      },
      "fields": [
        {
          "kind": "FieldDefinition",
          "name": {
            "kind": "Name",
            "value": "name"
          },
          "arguments": [],
          "type": {
            "kind": "NonNullType",
            "type": {
              "kind": "NamedType",
              "name": {
                "kind": "Name",
                "value": "String"
              }
            }
          }
        },
        {
          "kind": "FieldDefinition",
          "name": {
            "kind": "Name",
            "value": "slug"
          },
          "arguments": [],
          "type": {
            "kind": "NonNullType",
            "type": {
              "kind": "NamedType",
              "name": {
                "kind": "Name",
                "value": "String"
              }
            }
          }
        },
        {
          "kind": "FieldDefinition",
          "name": {
            "kind": "Name",
            "value": "label"
          },
          "arguments": [],
          "type": {
            "kind": "NamedType",
            "name": {
              "kind": "Name",
              "value": "String"
            }
          }
        },
        {
          "kind": "FieldDefinition",
          "name": {
            "kind": "Name",
            "value": "path"
          },
          "arguments": [],
          "type": {
            "kind": "NonNullType",
            "type": {
              "kind": "NamedType",
              "name": {
                "kind": "Name",
                "value": "String"
              }
            }
          }
        },
        {
          "kind": "FieldDefinition",
          "name": {
            "kind": "Name",
            "value": "format"
          },
          "arguments": [],
          "type": {
            "kind": "NamedType",
            "name": {
              "kind": "Name",
              "value": "String"
            }
          }
        },
        {
          "kind": "FieldDefinition",
          "name": {
            "kind": "Name",
            "value": "matches"
          },
          "arguments": [],
          "type": {
            "kind": "NamedType",
            "name": {
              "kind": "Name",
              "value": "String"
            }
          }
        },
        {
          "kind": "FieldDefinition",
          "name": {
            "kind": "Name",
            "value": "templates"
          },
          "arguments": [],
          "type": {
            "kind": "ListType",
            "type": {
              "kind": "NamedType",
              "name": {
                "kind": "Name",
                "value": "JSON"
              }
            }
          }
        },
        {
          "kind": "FieldDefinition",
          "name": {
            "kind": "Name",
            "value": "fields"
          },
          "arguments": [],
          "type": {
            "kind": "ListType",
            "type": {
              "kind": "NamedType",
              "name": {
                "kind": "Name",
                "value": "JSON"
              }
            }
          }
        },
        {
          "kind": "FieldDefinition",
          "name": {
            "kind": "Name",
            "value": "documents"
          },
          "arguments": [
            {
              "kind": "InputValueDefinition",
              "name": {
                "kind": "Name",
                "value": "before"
              },
              "type": {
                "kind": "NamedType",
                "name": {
                  "kind": "Name",
                  "value": "String"
                }
              }
            },
            {
              "kind": "InputValueDefinition",
              "name": {
                "kind": "Name",
                "value": "after"
              },
              "type": {
                "kind": "NamedType",
                "name": {
                  "kind": "Name",
                  "value": "String"
                }
              }
            },
            {
              "kind": "InputValueDefinition",
              "name": {
                "kind": "Name",
                "value": "first"
              },
              "type": {
                "kind": "NamedType",
                "name": {
                  "kind": "Name",
                  "value": "Int"
                }
              }
            },
            {
              "kind": "InputValueDefinition",
              "name": {
                "kind": "Name",
                "value": "last"
              },
              "type": {
                "kind": "NamedType",
                "name": {
                  "kind": "Name",
                  "value": "Int"
                }
              }
            }
          ],
          "type": {
            "kind": "NonNullType",
            "type": {
              "kind": "NamedType",
              "name": {
                "kind": "Name",
                "value": "DocumentConnection"
              }
            }
          }
        }
      ]
    },
    {
      "kind": "UnionTypeDefinition",
      "name": {
        "kind": "Name",
        "value": "DocumentNode"
      },
      "directives": [],
      "types": [
        {
          "kind": "NamedType",
          "name": {
            "kind": "Name",
            "value": "PostsDocument"
          }
        }
      ]
    },
    {
      "kind": "ObjectTypeDefinition",
      "interfaces": [],
      "directives": [],
      "name": {
        "kind": "Name",
        "value": "Posts"
      },
      "fields": [
        {
          "kind": "FieldDefinition",
          "name": {
            "kind": "Name",
            "value": "title"
          },
          "arguments": [],
          "type": {
            "kind": "NamedType",
            "name": {
              "kind": "Name",
              "value": "String"
            }
          }
        },
        {
          "kind": "FieldDefinition",
          "name": {
            "kind": "Name",
            "value": "description"
          },
          "arguments": [],
          "type": {
            "kind": "NamedType",
            "name": {
              "kind": "Name",
              "value": "String"
            }
          }
        },
        {
          "kind": "FieldDefinition",
          "name": {
            "kind": "Name",
            "value": "date"
          },
          "arguments": [],
          "type": {
            "kind": "NamedType",
            "name": {
              "kind": "Name",
              "value": "String"
            }
          }
        },
        {
          "kind": "FieldDefinition",
          "name": {
            "kind": "Name",
            "value": "tags"
          },
          "arguments": [],
          "type": {
            "kind": "NamedType",
            "name": {
              "kind": "Name",
              "value": "String"
            }
          }
        },
        {
          "kind": "FieldDefinition",
          "name": {
            "kind": "Name",
            "value": "imageUrl"
          },
          "arguments": [],
          "type": {
            "kind": "NamedType",
            "name": {
              "kind": "Name",
              "value": "String"
            }
          }
        },
        {
          "kind": "FieldDefinition",
          "name": {
            "kind": "Name",
            "value": "body"
          },
          "arguments": [],
          "type": {
            "kind": "NamedType",
            "name": {
              "kind": "Name",
              "value": "JSON"
            }
          }
        }
      ]
    },
    {
      "kind": "ObjectTypeDefinition",
      "interfaces": [
        {
          "kind": "NamedType",
          "name": {
            "kind": "Name",
            "value": "Node"
          }
        },
        {
          "kind": "NamedType",
          "name": {
            "kind": "Name",
            "value": "Document"
          }
        }
      ],
      "directives": [],
      "name": {
        "kind": "Name",
        "value": "PostsDocument"
      },
      "fields": [
        {
          "kind": "FieldDefinition",
          "name": {
            "kind": "Name",
            "value": "id"
          },
          "arguments": [],
          "type": {
            "kind": "NonNullType",
            "type": {
              "kind": "NamedType",
              "name": {
                "kind": "Name",
                "value": "ID"
              }
            }
          }
        },
        {
          "kind": "FieldDefinition",
          "name": {
            "kind": "Name",
            "value": "sys"
          },
          "arguments": [],
          "type": {
            "kind": "NonNullType",
            "type": {
              "kind": "NamedType",
              "name": {
                "kind": "Name",
                "value": "SystemInfo"
              }
            }
          }
        },
        {
          "kind": "FieldDefinition",
          "name": {
            "kind": "Name",
            "value": "data"
          },
          "arguments": [],
          "type": {
            "kind": "NonNullType",
            "type": {
              "kind": "NamedType",
              "name": {
                "kind": "Name",
                "value": "Posts"
              }
            }
          }
        },
        {
          "kind": "FieldDefinition",
          "name": {
            "kind": "Name",
            "value": "form"
          },
          "arguments": [],
          "type": {
            "kind": "NonNullType",
            "type": {
              "kind": "NamedType",
              "name": {
                "kind": "Name",
                "value": "JSON"
              }
            }
          }
        },
        {
          "kind": "FieldDefinition",
          "name": {
            "kind": "Name",
            "value": "values"
          },
          "arguments": [],
          "type": {
            "kind": "NonNullType",
            "type": {
              "kind": "NamedType",
              "name": {
                "kind": "Name",
                "value": "JSON"
              }
            }
          }
        },
        {
          "kind": "FieldDefinition",
          "name": {
            "kind": "Name",
            "value": "dataJSON"
          },
          "arguments": [],
          "type": {
            "kind": "NonNullType",
            "type": {
              "kind": "NamedType",
              "name": {
                "kind": "Name",
                "value": "JSON"
              }
            }
          }
        }
      ]
    },
    {
      "kind": "ObjectTypeDefinition",
      "interfaces": [],
      "directives": [],
      "name": {
        "kind": "Name",
        "value": "PostsConnectionEdges"
      },
      "fields": [
        {
          "kind": "FieldDefinition",
          "name": {
            "kind": "Name",
            "value": "cursor"
          },
          "arguments": [],
          "type": {
            "kind": "NamedType",
            "name": {
              "kind": "Name",
              "value": "String"
            }
          }
        },
        {
          "kind": "FieldDefinition",
          "name": {
            "kind": "Name",
            "value": "node"
          },
          "arguments": [],
          "type": {
            "kind": "NamedType",
            "name": {
              "kind": "Name",
              "value": "PostsDocument"
            }
          }
        }
      ]
    },
    {
      "kind": "ObjectTypeDefinition",
      "interfaces": [
        {
          "kind": "NamedType",
          "name": {
            "kind": "Name",
            "value": "Connection"
          }
        }
      ],
      "directives": [],
      "name": {
        "kind": "Name",
        "value": "PostsConnection"
      },
      "fields": [
        {
          "kind": "FieldDefinition",
          "name": {
            "kind": "Name",
            "value": "pageInfo"
          },
          "arguments": [],
          "type": {
            "kind": "NamedType",
            "name": {
              "kind": "Name",
              "value": "PageInfo"
            }
          }
        },
        {
          "kind": "FieldDefinition",
          "name": {
            "kind": "Name",
            "value": "totalCount"
          },
          "arguments": [],
          "type": {
            "kind": "NonNullType",
            "type": {
              "kind": "NamedType",
              "name": {
                "kind": "Name",
                "value": "Int"
              }
            }
          }
        },
        {
          "kind": "FieldDefinition",
          "name": {
            "kind": "Name",
            "value": "edges"
          },
          "arguments": [],
          "type": {
            "kind": "ListType",
            "type": {
              "kind": "NamedType",
              "name": {
                "kind": "Name",
                "value": "PostsConnectionEdges"
              }
            }
          }
        }
      ]
    },
    {
      "kind": "ObjectTypeDefinition",
      "interfaces": [],
      "directives": [],
      "name": {
        "kind": "Name",
        "value": "Mutation"
      },
      "fields": [
        {
          "kind": "FieldDefinition",
          "name": {
            "kind": "Name",
            "value": "addPendingDocument"
          },
          "arguments": [
            {
              "kind": "InputValueDefinition",
              "name": {
                "kind": "Name",
                "value": "collection"
              },
              "type": {
                "kind": "NonNullType",
                "type": {
                  "kind": "NamedType",
                  "name": {
                    "kind": "Name",
                    "value": "String"
                  }
                }
              }
            },
            {
              "kind": "InputValueDefinition",
              "name": {
                "kind": "Name",
                "value": "relativePath"
              },
              "type": {
                "kind": "NonNullType",
                "type": {
                  "kind": "NamedType",
                  "name": {
                    "kind": "Name",
                    "value": "String"
                  }
                }
              }
            },
            {
              "kind": "InputValueDefinition",
              "name": {
                "kind": "Name",
                "value": "template"
              },
              "type": {
                "kind": "NamedType",
                "name": {
                  "kind": "Name",
                  "value": "String"
                }
              }
            }
          ],
          "type": {
            "kind": "NonNullType",
            "type": {
              "kind": "NamedType",
              "name": {
                "kind": "Name",
                "value": "DocumentNode"
              }
            }
          }
        },
        {
          "kind": "FieldDefinition",
          "name": {
            "kind": "Name",
            "value": "updateDocument"
          },
          "arguments": [
            {
              "kind": "InputValueDefinition",
              "name": {
                "kind": "Name",
                "value": "collection"
              },
              "type": {
                "kind": "NamedType",
                "name": {
                  "kind": "Name",
                  "value": "String"
                }
              }
            },
            {
              "kind": "InputValueDefinition",
              "name": {
                "kind": "Name",
                "value": "relativePath"
              },
              "type": {
                "kind": "NonNullType",
                "type": {
                  "kind": "NamedType",
                  "name": {
                    "kind": "Name",
                    "value": "String"
                  }
                }
              }
            },
            {
              "kind": "InputValueDefinition",
              "name": {
                "kind": "Name",
                "value": "params"
              },
              "type": {
                "kind": "NonNullType",
                "type": {
                  "kind": "NamedType",
                  "name": {
                    "kind": "Name",
                    "value": "DocumentMutation"
                  }
                }
              }
            }
          ],
          "type": {
            "kind": "NonNullType",
            "type": {
              "kind": "NamedType",
              "name": {
                "kind": "Name",
                "value": "DocumentNode"
              }
            }
          }
        },
        {
          "kind": "FieldDefinition",
          "name": {
            "kind": "Name",
            "value": "createDocument"
          },
          "arguments": [
            {
              "kind": "InputValueDefinition",
              "name": {
                "kind": "Name",
                "value": "collection"
              },
              "type": {
                "kind": "NamedType",
                "name": {
                  "kind": "Name",
                  "value": "String"
                }
              }
            },
            {
              "kind": "InputValueDefinition",
              "name": {
                "kind": "Name",
                "value": "relativePath"
              },
              "type": {
                "kind": "NonNullType",
                "type": {
                  "kind": "NamedType",
                  "name": {
                    "kind": "Name",
                    "value": "String"
                  }
                }
              }
            },
            {
              "kind": "InputValueDefinition",
              "name": {
                "kind": "Name",
                "value": "params"
              },
              "type": {
                "kind": "NonNullType",
                "type": {
                  "kind": "NamedType",
                  "name": {
                    "kind": "Name",
                    "value": "DocumentMutation"
                  }
                }
              }
            }
          ],
          "type": {
            "kind": "NonNullType",
            "type": {
              "kind": "NamedType",
              "name": {
                "kind": "Name",
                "value": "DocumentNode"
              }
            }
          }
        },
        {
          "kind": "FieldDefinition",
          "name": {
            "kind": "Name",
            "value": "updatePostsDocument"
          },
          "arguments": [
            {
              "kind": "InputValueDefinition",
              "name": {
                "kind": "Name",
                "value": "relativePath"
              },
              "type": {
                "kind": "NonNullType",
                "type": {
                  "kind": "NamedType",
                  "name": {
                    "kind": "Name",
                    "value": "String"
                  }
                }
              }
            },
            {
              "kind": "InputValueDefinition",
              "name": {
                "kind": "Name",
                "value": "params"
              },
              "type": {
                "kind": "NonNullType",
                "type": {
                  "kind": "NamedType",
                  "name": {
                    "kind": "Name",
                    "value": "PostsMutation"
                  }
                }
              }
            }
          ],
          "type": {
            "kind": "NonNullType",
            "type": {
              "kind": "NamedType",
              "name": {
                "kind": "Name",
                "value": "PostsDocument"
              }
            }
          }
        },
        {
          "kind": "FieldDefinition",
          "name": {
            "kind": "Name",
            "value": "createPostsDocument"
          },
          "arguments": [
            {
              "kind": "InputValueDefinition",
              "name": {
                "kind": "Name",
                "value": "relativePath"
              },
              "type": {
                "kind": "NonNullType",
                "type": {
                  "kind": "NamedType",
                  "name": {
                    "kind": "Name",
                    "value": "String"
                  }
                }
              }
            },
            {
              "kind": "InputValueDefinition",
              "name": {
                "kind": "Name",
                "value": "params"
              },
              "type": {
                "kind": "NonNullType",
                "type": {
                  "kind": "NamedType",
                  "name": {
                    "kind": "Name",
                    "value": "PostsMutation"
                  }
                }
              }
            }
          ],
          "type": {
            "kind": "NonNullType",
            "type": {
              "kind": "NamedType",
              "name": {
                "kind": "Name",
                "value": "PostsDocument"
              }
            }
          }
        }
      ]
    },
    {
      "kind": "InputObjectTypeDefinition",
      "name": {
        "kind": "Name",
        "value": "DocumentMutation"
      },
      "fields": [
        {
          "kind": "InputValueDefinition",
          "name": {
            "kind": "Name",
            "value": "posts"
          },
          "type": {
            "kind": "NamedType",
            "name": {
              "kind": "Name",
              "value": "PostsMutation"
            }
          }
        }
      ]
    },
    {
      "kind": "InputObjectTypeDefinition",
      "name": {
        "kind": "Name",
        "value": "PostsMutation"
      },
      "fields": [
        {
          "kind": "InputValueDefinition",
          "name": {
            "kind": "Name",
            "value": "title"
          },
          "type": {
            "kind": "NamedType",
            "name": {
              "kind": "Name",
              "value": "String"
            }
          }
        },
        {
          "kind": "InputValueDefinition",
          "name": {
            "kind": "Name",
            "value": "description"
          },
          "type": {
            "kind": "NamedType",
            "name": {
              "kind": "Name",
              "value": "String"
            }
          }
        },
        {
          "kind": "InputValueDefinition",
          "name": {
            "kind": "Name",
            "value": "date"
          },
          "type": {
            "kind": "NamedType",
            "name": {
              "kind": "Name",
              "value": "String"
            }
          }
        },
        {
          "kind": "InputValueDefinition",
          "name": {
            "kind": "Name",
            "value": "tags"
          },
          "type": {
            "kind": "NamedType",
            "name": {
              "kind": "Name",
              "value": "String"
            }
          }
        },
        {
          "kind": "InputValueDefinition",
          "name": {
            "kind": "Name",
            "value": "imageUrl"
          },
          "type": {
            "kind": "NamedType",
            "name": {
              "kind": "Name",
              "value": "String"
            }
          }
        },
        {
          "kind": "InputValueDefinition",
          "name": {
            "kind": "Name",
            "value": "body"
          },
          "type": {
            "kind": "NamedType",
            "name": {
              "kind": "Name",
              "value": "JSON"
            }
          }
        }
      ]
    }
  ]
}