{
  "DocumentConnection": {
    "type": "DocumentConnection",
    "resolveType": "multiCollectionDocumentList",
    "collections": [
      "posts"
    ]
  },
  "Node": {
    "type": "Node",
    "resolveType": "nodeDocument"
  },
  "DocumentNode": {
    "type": "DocumentNode",
    "resolveType": "multiCollectionDocument",
    "createDocument": "create",
    "updateDocument": "update"
  },
  "PostsDocument": {
    "type": "PostsDocument",
    "resolveType": "collectionDocument",
    "collection": "posts",
    "createPostsDocument": "create",
    "updatePostsDocument": "update"
  },
  "PostsConnection": {
    "type": "PostsConnection",
    "resolveType": "collectionDocumentList",
    "collection": "posts"
  }
}