{
  "version": {
    "fullVersion": "0.59.3",
    "major": "0",
    "minor": "59",
    "patch": "3"
  },
  "meta": {},
  "collections": [
    {
      "label": "Blog Posts",
      "name": "posts",
      "path": "posts",
      "fields": [
        {
          "type": "string",
          "label": "Title",
          "name": "title",
          "namespace": [
            "posts",
            "title"
          ]
        },
        {
          "type": "string",
          "label": "Description",
          "name": "description",
          "namespace": [
            "posts",
            "description"
          ]
        },
        {
          "type": "string",
          "label": "Date",
          "name": "date",
          "namespace": [
            "posts",
            "date"
          ]
        },
        {
          "type": "string",
          "label": "Tags",
          "name": "tags",
          "namespace": [
            "posts",
            "tags"
          ]
        },
        {
          "type": "string",
          "label": "Image URL",
          "name": "imageUrl",
          "namespace": [
            "posts",
            "imageUrl"
          ]
        },
        {
          "type": "rich-text",
          "label": "Blog Post Body",
          "name": "body",
          "isBody": true,
          "templates": [
            {
              "name": "Quote",
              "label": "Quote",
              "fields": [
                {
                  "type": "string",
                  "name": "content",
                  "label": "Content",
                  "namespace": [
                    "posts",
                    "body",
                    "Quote",
                    "content"
                  ]
                },
                {
                  "type": "string",
                  "name": "author",
                  "label": "Author",
                  "namespace": [
                    "posts",
                    "body",
                    "Quote",
                    "author"
                  ]
                },
                {
                  "type": "string",
                  "name": "cite",
                  "label": "Cite",
                  "namespace": [
                    "posts",
                    "body",
                    "Quote",
                    "cite"
                  ]
                }
              ],
              "namespace": [
                "posts",
                "body",
                "Quote"
              ]
            },
            {
              "name": "ArticleImage",
              "label": "ArticleImage",
              "fields": [
                {
                  "type": "string",
                  "name": "src",
                  "label": "Src",
                  "namespace": [
                    "posts",
                    "body",
                    "ArticleImage",
                    "src"
                  ]
                },
                {
                  "type": "string",
                  "name": "caption",
                  "label": "Caption",
                  "namespace": [
                    "posts",
                    "body",
                    "ArticleImage",
                    "caption"
                  ]
                }
              ],
              "namespace": [
                "posts",
                "body",
                "ArticleImage"
              ]
            },
            {
              "name": "Code",
              "label": "Code",
              "fields": [
                {
                  "type": "string",
                  "name": "code",
                  "label": "Code",
                  "namespace": [
                    "posts",
                    "body",
                    "Code",
                    "code"
                  ]
                },
                {
                  "type": "string",
                  "name": "language",
                  "label": "Language",
                  "namespace": [
                    "posts",
                    "body",
                    "Code",
                    "language"
                  ]
                },
                {
                  "type": "string",
                  "name": "selectedLines",
                  "label": "Selected Lines",
                  "namespace": [
                    "posts",
                    "body",
                    "Code",
                    "selectedLines"
                  ]
                },
                {
                  "type": "boolean",
                  "name": "withCopyButton",
                  "label": "With Copy Button",
                  "namespace": [
                    "posts",
                    "body",
                    "Code",
                    "withCopyButton"
                  ]
                },
                {
                  "type": "boolean",
                  "name": "withLineNumbers",
                  "label": "With Line Numbers",
                  "namespace": [
                    "posts",
                    "body",
                    "Code",
                    "withLineNumbers"
                  ]
                },
                {
                  "type": "string",
                  "name": "caption",
                  "label": "Caption",
                  "namespace": [
                    "posts",
                    "body",
                    "Code",
                    "caption"
                  ]
                }
              ],
              "namespace": [
                "posts",
                "body",
                "Code"
              ]
            },
            {
              "name": "h2",
              "label": "H2",
              "inline": true,
              "fields": [],
              "namespace": [
                "posts",
                "body",
                "h2"
              ]
            },
            {
              "name": "h3",
              "label": "H3",
              "inline": true,
              "fields": [],
              "namespace": [
                "posts",
                "body",
                "h3"
              ]
            },
            {
              "name": "br",
              "label": "BR",
              "inline": true,
              "fields": [],
              "namespace": [
                "posts",
                "body",
                "br"
              ]
            },
            {
              "name": "p",
              "label": "P",
              "inline": true,
              "fields": [],
              "namespace": [
                "posts",
                "body",
                "p"
              ]
            }
          ],
          "namespace": [
            "posts",
            "body"
          ]
        }
      ],
      "namespace": [
        "posts"
      ]
    }
  ]
}